{"cameraMode":{"drawMode":0,"name":"Shaded","section":"Shading Mode"},"sceneLighting":true,"audioPlay":false,"sceneViewState":{"showFog":true,"showMaterialUpdate":false,"showSkybox":true,"showFlares":true,"showImageEffects":true,"showParticleSystems":true},"in2DMode":false,"pivot":{"x":57.93379592895508,"y":234.50148010253907,"z":-58.974971771240237},"rotation":{"x":-0.13015668094158173,"y":0.8652005195617676,"z":-0.2924441993236542,"w":-0.3861488401889801},"size":195.22744750976563,"orthographic":false}