{"cameraMode":{"drawMode":0,"name":"Shaded","section":"Shading Mode"},"sceneLighting":false,"audioPlay":false,"sceneViewState":{"showFog":true,"showMaterialUpdate":true,"showSkybox":false,"showFlares":true,"showImageEffects":true,"showParticleSystems":true},"in2DMode":false,"pivot":{"x":-0.087921142578125,"y":19.36499786376953,"z":1.9122986793518067},"rotation":{"x":-0.04019118845462799,"y":0.5024679899215698,"z":0.023332688957452775,"w":0.8633459210395813},"size":28.070158004760743,"orthographic":false}