{"cameraMode":{"drawMode":0,"name":"Shaded","section":"Shading Mode"},"sceneLighting":true,"audioPlay":false,"sceneViewState":{"showFog":true,"showMaterialUpdate":true,"showSkybox":true,"showFlares":true,"showImageEffects":true,"showParticleSystems":true},"in2DMode":false,"pivot":{"x":-142.1999969482422,"y":169.60000610351563,"z":110.19999694824219},"rotation":{"x":-0.14109139144420625,"y":-0.2509591579437256,"z":0.03712933510541916,"w":-0.9569884538650513},"size":25.202409744262697,"orthographic":false}