{"cameraMode":{"drawMode":0,"name":"Shaded","section":"Shading Mode"},"sceneLighting":false,"audioPlay":false,"sceneViewState":{"showFog":true,"showMaterialUpdate":true,"showSkybox":false,"showFlares":true,"showImageEffects":true,"showParticleSystems":true},"in2DMode":false,"pivot":{"x":0.0,"y":1.8516700267791749,"z":2.7125887870788576},"rotation":{"x":0.16809260845184327,"y":0.08325731009244919,"z":-0.014300917275249958,"w":0.982146143913269},"size":45.18323516845703,"orthographic":false}