{"cameraMode":{"drawMode":0,"name":"Shaded","section":"Shading Mode"},"sceneLighting":false,"audioPlay":false,"sceneViewState":{"showFog":true,"showMaterialUpdate":true,"showSkybox":false,"showFlares":true,"showImageEffects":true,"showParticleSystems":true},"in2DMode":false,"pivot":{"x":-0.41827869415283205,"y":29.86499786376953,"z":1.8360505104064942},"rotation":{"x":0.13149423897266389,"y":0.045162349939346316,"z":-0.00603719474747777,"w":0.9903122782707214},"size":54.17623519897461,"orthographic":false}