{"cameraMode":{"drawMode":0,"name":"Shaded","section":"Shading Mode"},"sceneLighting":false,"audioPlay":false,"sceneViewState":{"showFog":true,"showMaterialUpdate":true,"showSkybox":false,"showFlares":true,"showImageEffects":true,"showParticleSystems":true},"in2DMode":false,"pivot":{"x":-5.951141834259033,"y":24.978408813476564,"z":-1.171411156654358},"rotation":{"x":0.23188699781894685,"y":-0.005283695179969072,"z":0.0012183416401967407,"w":0.9727715253829956},"size":36.45379638671875,"orthographic":false}