{"cameraMode":{"drawMode":0,"name":"Shaded","section":"Shading Mode"},"sceneLighting":false,"audioPlay":false,"sceneViewState":{"showFog":true,"showMaterialUpdate":true,"showSkybox":false,"showFlares":true,"showImageEffects":true,"showParticleSystems":true},"in2DMode":false,"pivot":{"x":-0.41827869415283205,"y":23.86499786376953,"z":1.841050624847412},"rotation":{"x":0.18346518278121949,"y":0.0005581839941442013,"z":-0.0001556987117510289,"w":0.9830268621444702},"size":52.9494743347168,"orthographic":false}