{"cameraMode":{"drawMode":0,"name":"Shaded","section":"Shading Mode"},"sceneLighting":false,"audioPlay":false,"sceneViewState":{"showFog":true,"showMaterialUpdate":true,"showSkybox":false,"showFlares":true,"showImageEffects":true,"showParticleSystems":true},"in2DMode":false,"pivot":{"x":-0.087921142578125,"y":23.86499786376953,"z":1.9122986793518067},"rotation":{"x":0.14042912423610688,"y":0.04065471142530441,"z":-0.005812263116240501,"w":0.9892812967300415},"size":60.63084030151367,"orthographic":false}